Mobile ID,State,Age ,Industry
82420964,AZ,33,Finance
56954906,NC,46,Healthcare
27361835,WA,33,Insurance Sales
63406467,MD,27,Technology
70975009,AZ,40,Veterans Affairs
17180706,NJ,37,Technology
34865333,TX,50,Federal Human Resources
69497234,OR,43,Veterans Affairs
70684440,IL,35,Information technology
58805130,IL,32,Mortgage Compliance
22141157,NY,29,Healthcare
20763027,OH,53,Interior Design
84879047,CA,31,Nonprofit
57026233,AZ,35,Healthcare
47443793,SC,43,Healthcare
34633705,PA,28,Healthcare
66958688,CA,53,Federal government
61307863,MA,22,Public Relations
11822993,MO,28,Healthcare
82878753,FL,41,IT
33075391,KY,28,Education
58947714,CA,36,Healthcare
81914178,PA,31,Healthcare
38886354,CA,53,Healthcare
20126808,FL,32,Pharmacy Operations
32455277,NC,48,Healthcare
17309235,AZ,26,Aerospace and defense
38656882,NY,23,Human Resources
86570707,PA,43,Healthcare
61881920,CA,59,Healthcare
54042771,RI,53,Nonprofit
91556555,OH,39,Healthcare
58601340,AZ,40,Healthcare
73262082,NY,31,Legal
64811087,AZ,65,Healthcare
66999191,MN,25,Retail
86548395,AZ,52,Healthcare
23916703,MO,42,Healthcare
58500979,NY,27,Book publishing
68415107,OH,60,Non profit
49164240,TX,40,Healthcare
10046427,MI,51,Healthcare
55508636,ME,43,Computer Software
26141560,NY,33,Technology
79316883,MD,32,Energy
27148444,NV,40,Human Resources
32937810,KY,36,Healthcare
38876664,FL,50,Healthcare
71552354,NY,60,Insurance
37720972,AZ,57,Human Resources
88676885,FL,48,Healthcare
77253909,MA,24,Social Work/EAP
62547526,TN,48,Data entry
35549180,OH,47,Healthcare
36505757,CO,41,Healthcare
49669568,IL,53,Technical support
81875100,CT,45,Education
60404747,NY,44,Urban Planning
80515680,MI,35,Healthcare
25230030,CA,39,Insurance
93909901,WI,46,Social services
22541511,OH,55,Veterans Affairs
87350835,CT,35,Human Factors
13392141,FL,26,Technology
51755925,WY,54,IT
68454890,NY,45,Education
96243591,NY,36,Technology
58395682,CA,37,Education
47685985,AZ,48,Veteran Affairs